{
  "facial_recognition": {
    "model": "RandomForestClassifier",
    "feature_extraction": "MediaPipe face crop + scikit-image HOG",
    "cv_method": "StratifiedGroupKFold(n_splits=3, groups=source_image_id)",
    "classes": [
      "Gentil_Tonny_Christian_Iradukunda",
      "Hassan_Adelani_Luqman",
      "Mahlet_Assefa_Tilahun",
      "Yvette_Uwimpaye"
    ],
    "source_images": 12,
    "feature_rows": 48,
    "hog_feature_count": 8100,
    "source_images_per_member": {
      "Gentil_Tonny_Christian_Iradukunda": 3,
      "Hassan_Adelani_Luqman": 3,
      "Mahlet_Assefa_Tilahun": 3,
      "Yvette_Uwimpaye": 3
    },
    "folds": [
      {
        "fold": 1,
        "accuracy": 1.0,
        "f1_macro": 1.0,
        "log_loss": 0.8265902752824201,
        "train_source_images": 8,
        "test_source_images": 4
      },
      {
        "fold": 2,
        "accuracy": 1.0,
        "f1_macro": 1.0,
        "log_loss": 0.6992089004424987,
        "train_source_images": 8,
        "test_source_images": 4
      },
      {
        "fold": 3,
        "accuracy": 0.9375,
        "f1_macro": 0.9365079365079365,
        "log_loss": 0.8517627882106233,
        "train_source_images": 8,
        "test_source_images": 4
      }
    ],
    "accuracy_mean": 0.9791666666666666,
    "accuracy_std": 0.02946278254943948,
    "f1_macro_mean": 0.978835978835979,
    "f1_macro_std": 0.02993044576450995,
    "log_loss_mean": 0.7925206546451807,
    "log_loss_std": 0.06677687452038292,
    "confusion_matrix": [
      [
        11,
        0,
        0,
        1
      ],
      [
        0,
        12,
        0,
        0
      ],
      [
        0,
        0,
        12,
        0
      ],
      [
        0,
        0,
        0,
        12
      ]
    ],
    "known_oof_confidences": [
      0.32,
      0.3625,
      0.3,
      0.32,
      0.4825,
      0.42,
      0.32,
      0.455,
      0.295,
      0.3625,
      0.295,
      0.2925,
      0.6325,
      0.645,
      0.66,
      0.7025,
      0.52,
      0.565,
      0.44,
      0.585,
      0.5875,
      0.63,
      0.4975,
      0.655,
      0.54,
      0.545,
      0.5025,
      0.55,
      0.515,
      0.4975,
      0.5275,
      0.5475,
      0.55,
      0.5525,
      0.595,
      0.55,
      0.5,
      0.425,
      0.4925,
      0.5025,
      0.3,
      0.32,
      0.355,
      0.305,
      0.355,
      0.37,
      0.4025,
      0.3475
    ],
    "known_oof_predictions": [
      "Gentil_Tonny_Christian_Iradukunda",
      "Gentil_Tonny_Christian_Iradukunda",
      "Yvette_Uwimpaye",
      "Gentil_Tonny_Christian_Iradukunda",
      "Gentil_Tonny_Christian_Iradukunda",
      "Gentil_Tonny_Christian_Iradukunda",
      "Gentil_Tonny_Christian_Iradukunda",
      "Gentil_Tonny_Christian_Iradukunda",
      "Gentil_Tonny_Christian_Iradukunda",
      "Gentil_Tonny_Christian_Iradukunda",
      "Gentil_Tonny_Christian_Iradukunda",
      "Gentil_Tonny_Christian_Iradukunda",
      "Hassan_Adelani_Luqman",
      "Hassan_Adelani_Luqman",
      "Hassan_Adelani_Luqman",
      "Hassan_Adelani_Luqman",
      "Hassan_Adelani_Luqman",
      "Hassan_Adelani_Luqman",
      "Hassan_Adelani_Luqman",
      "Hassan_Adelani_Luqman",
      "Hassan_Adelani_Luqman",
      "Hassan_Adelani_Luqman",
      "Hassan_Adelani_Luqman",
      "Hassan_Adelani_Luqman",
      "Mahlet_Assefa_Tilahun",
      "Mahlet_Assefa_Tilahun",
      "Mahlet_Assefa_Tilahun",
      "Mahlet_Assefa_Tilahun",
      "Mahlet_Assefa_Tilahun",
      "Mahlet_Assefa_Tilahun",
      "Mahlet_Assefa_Tilahun",
      "Mahlet_Assefa_Tilahun",
      "Mahlet_Assefa_Tilahun",
      "Mahlet_Assefa_Tilahun",
      "Mahlet_Assefa_Tilahun",
      "Mahlet_Assefa_Tilahun",
      "Yvette_Uwimpaye",
      "Yvette_Uwimpaye",
      "Yvette_Uwimpaye",
      "Yvette_Uwimpaye",
      "Yvette_Uwimpaye",
      "Yvette_Uwimpaye",
      "Yvette_Uwimpaye",
      "Yvette_Uwimpaye",
      "Yvette_Uwimpaye",
      "Yvette_Uwimpaye",
      "Yvette_Uwimpaye",
      "Yvette_Uwimpaye"
    ],
    "known_oof_true_labels": [
      "Gentil_Tonny_Christian_Iradukunda",
      "Gentil_Tonny_Christian_Iradukunda",
      "Gentil_Tonny_Christian_Iradukunda",
      "Gentil_Tonny_Christian_Iradukunda",
      "Gentil_Tonny_Christian_Iradukunda",
      "Gentil_Tonny_Christian_Iradukunda",
      "Gentil_Tonny_Christian_Iradukunda",
      "Gentil_Tonny_Christian_Iradukunda",
      "Gentil_Tonny_Christian_Iradukunda",
      "Gentil_Tonny_Christian_Iradukunda",
      "Gentil_Tonny_Christian_Iradukunda",
      "Gentil_Tonny_Christian_Iradukunda",
      "Hassan_Adelani_Luqman",
      "Hassan_Adelani_Luqman",
      "Hassan_Adelani_Luqman",
      "Hassan_Adelani_Luqman",
      "Hassan_Adelani_Luqman",
      "Hassan_Adelani_Luqman",
      "Hassan_Adelani_Luqman",
      "Hassan_Adelani_Luqman",
      "Hassan_Adelani_Luqman",
      "Hassan_Adelani_Luqman",
      "Hassan_Adelani_Luqman",
      "Hassan_Adelani_Luqman",
      "Mahlet_Assefa_Tilahun",
      "Mahlet_Assefa_Tilahun",
      "Mahlet_Assefa_Tilahun",
      "Mahlet_Assefa_Tilahun",
      "Mahlet_Assefa_Tilahun",
      "Mahlet_Assefa_Tilahun",
      "Mahlet_Assefa_Tilahun",
      "Mahlet_Assefa_Tilahun",
      "Mahlet_Assefa_Tilahun",
      "Mahlet_Assefa_Tilahun",
      "Mahlet_Assefa_Tilahun",
      "Mahlet_Assefa_Tilahun",
      "Yvette_Uwimpaye",
      "Yvette_Uwimpaye",
      "Yvette_Uwimpaye",
      "Yvette_Uwimpaye",
      "Yvette_Uwimpaye",
      "Yvette_Uwimpaye",
      "Yvette_Uwimpaye",
      "Yvette_Uwimpaye",
      "Yvette_Uwimpaye",
      "Yvette_Uwimpaye",
      "Yvette_Uwimpaye",
      "Yvette_Uwimpaye"
    ],
    "confidence_threshold": 0.4025,
    "known_acceptance_rate": 0.6666666666666666,
    "impostor_rejection_rate": 1.0,
    "balanced_authentication_rate": 0.8333333333333333,
    "impostor_results": [
      {
        "file": "image_data/impostor/impostor.jpg",
        "predicted_member": "Gentil_Tonny_Christian_Iradukunda",
        "member_confidence": 0.37,
        "face_detection_score": 0.9307336211204529
      },
      {
        "file": "image_data/impostor/impostor1.jpg",
        "predicted_member": "Gentil_Tonny_Christian_Iradukunda",
        "member_confidence": 0.365,
        "face_detection_score": 0.9366804957389832
      }
    ],
    "limitations": "Only 12 member source images and 2 impostor images are available; report cross-validation variability and avoid production claims."
  },
  "product_recommendation": {
    "model": "product_recommendation",
    "algorithm": "LogisticRegression(C=0.2) on one-hot social features + scaled numerics",
    "features": [
      "avg_engagement",
      "avg_purchase_interest",
      "n_platforms",
      "primary_platform",
      "dominant_sentiment"
    ],
    "target": "product_category",
    "excluded_leakage": [
      "purchase_date",
      "purchase_amount",
      "customer_rating"
    ],
    "n_rows": 117,
    "n_customers": 61,
    "n_classes": 5,
    "classes": [
      "Books",
      "Clothing",
      "Electronics",
      "Groceries",
      "Sports"
    ],
    "cv_method": "StratifiedGroupKFold(n_splits=5, groups=customer_id)",
    "majority_baseline_accuracy": 0.2221,
    "accuracy_mean": 0.2308,
    "accuracy_std": 0.0207,
    "f1_macro_mean": 0.1739,
    "f1_macro_std": 0.0269,
    "log_loss_mean": 1.6955,
    "log_loss_std": 0.0916,
    "folds": [
      {
        "fold": 1,
        "accuracy": 0.2083,
        "f1_macro": 0.2108,
        "log_loss": 1.7781,
        "test_customers": 13,
        "test_rows": 24
      },
      {
        "fold": 2,
        "accuracy": 0.25,
        "f1_macro": 0.1475,
        "log_loss": 1.5353,
        "test_customers": 12,
        "test_rows": 24
      },
      {
        "fold": 3,
        "accuracy": 0.2174,
        "f1_macro": 0.2024,
        "log_loss": 1.7492,
        "test_customers": 12,
        "test_rows": 23
      },
      {
        "fold": 4,
        "accuracy": 0.2174,
        "f1_macro": 0.1527,
        "log_loss": 1.6514,
        "test_customers": 13,